https://forums.cpanel.net,forums.cpanel.net,208.74.123.66
https://www.newportmansions.org,www.newportmansions.org,184.154.61.110
https://dpeaflcio.org,dpeaflcio.org,216.127.145.221
https://collections.museumvictoria.com.au,collections.museumvictoria.com.au,136.154.202.33
https://www.iep.utm.edu,www.iep.utm.edu,208.87.74.57
https://bestapples.com,bestapples.com,162.144.102.45
https://australianmuseum.net.au,australianmuseum.net.au,54.153.218.146
https://www.surette-realestate.com,www.surette-realestate.com,34.236.105.135
https://www.surette-realestate.com,www.surette-realestate.com,34.236.105.135
https://www.pnb.org,www.pnb.org,216.182.88.26
https://newsroom.cisco.com,newsroom.cisco.com,173.36.124.49
https://www.robbinschevy.co,www.robbinschevy.co,104.130.255.68
https://thesefootballtimes.co,thesefootballtimes.co,162.144.219.69
https://imm.medicina.ulisboa.pt,imm.medicina.ulisboa.pt,194.117.10.30
https://neosmart.net,neosmart.net,65.182.170.12
https://danci.911cha.com,danci.911cha.com,218.93.127.80
https://danci.911cha.com,danci.911cha.com,218.93.127.80
https://www.narayana-verlag.com,www.narayana-verlag.com,213.218.174.241
https://recorder.franklincountyohio.gov,recorder.franklincountyohio.gov,198.30.81.252
https://www.digitalcommonwealth.org,www.digitalcommonwealth.org,192.80.65.52
https://sponsorpitch.com,sponsorpitch.com,104.131.26.245
https://forum.isthmus.com,forum.isthmus.com,208.66.133.78
https://www.nihadc.com,www.nihadc.com,142.4.7.126
https://www.e-jmd.org,www.e-jmd.org,121.254.129.102
https://www.separations.asia.tosohbioscience.com,www.separations.asia.tosohbioscience.com,12.27.32.241
https://www.e-sciencecentral.org,www.e-sciencecentral.org,210.98.26.212
https://iovs.arvojournals.org,iovs.arvojournals.org,209.135.214.225
https://stellaris.paradoxwikis.com,stellaris.paradoxwikis.com,146.185.159.208
https://developer.asperasoft.com,developer.asperasoft.com,158.85.173.199
https://www.tourisme-alsace.com,www.tourisme-alsace.com,195.154.42.190
https://www.cem-protection.com,www.cem-protection.com,5.135.16.182
https://www.paulettesauve.com,www.paulettesauve.com,208.73.200.195
https://read.dukeupress.edu,read.dukeupress.edu,209.135.222.236
https://www.marketingsherpa.com,www.marketingsherpa.com,216.238.155.60
https://jamanetwork.com,jamanetwork.com,173.254.190.147
https://www.ceemjournal.org,www.ceemjournal.org,121.254.129.109
https://www.tosohindia.com,www.tosohindia.com,12.27.32.236
https://shop.hytest.fi,shop.hytest.fi,194.100.86.27
https://www.j-stroke.org,www.j-stroke.org,121.254.129.102
https://www.diagnostics.eu.tosohbioscience.com,www.diagnostics.eu.tosohbioscience.com,12.27.32.241
https://gbtimes.com,gbtimes.com,52.51.164.19
https://thecasswiki.net,thecasswiki.net,144.76.225.75
https://ck2.paradoxwikis.com,ck2.paradoxwikis.com,146.185.159.208
https://www.robomow.com,www.robomow.com,108.174.155.123
https://www.ucsusa.org,www.ucsusa.org,54.165.20.71
https://www.vogelwarte.ch,www.vogelwarte.ch,195.65.19.154
https://ezcanvas.com,ezcanvas.com,104.130.251.1
https://askaquestionto.us,askaquestionto.us,37.220.27.195
https://www.rushcard.co,www.rushcard.co,54.209.174.254
https://www.cdfa.ca.gov,www.cdfa.ca.gov,67.157.158.152
https://www.mevaccine.org,www.mevaccine.org,199.188.155.232
https://www.aaos.org,www.aaos.org,40.131.199.92
https://s2018.siggraph.org,s2018.siggraph.org,64.238.159.123
https://www.gsa.europa.eu,www.gsa.europa.eu,129.185.160.162
https://www.pma.com,www.pma.com,71.162.178.168
https://norsafe.com,norsafe.com,82.116.95.102
https://pubs.geoscienceworld.org,pubs.geoscienceworld.org,209.135.222.216
https://gq.pgi.gov.pl,gq.pgi.gov.pl,89.25.190.55
https://www.ajas.info,www.ajas.info,121.254.129.109
https://www.quikrete.com,www.quikrete.com,198.51.136.27
https://starklibrary.org,starklibrary.org,54.201.120.67
https://www.a1corp.com.sg,www.a1corp.com.sg,103.15.232.84
https://www.str.org,www.str.org,104.130.17.188
https://leader.pubs.asha.org,leader.pubs.asha.org,65.156.1.147
https://parkinson.org,parkinson.org,199.254.123.54
https://mayfieldclinic.com,mayfieldclinic.com,199.231.196.94
https://www.thomsonbiketours.com,www.thomsonbiketours.com,52.208.243.139
https://www.rhs.org.uk,www.rhs.org.uk,84.22.166.238
https://www.medicines.org.uk,www.medicines.org.uk,134.213.238.28
https://www.mmv.org,www.mmv.org,74.207.233.110
https://www.iwh.on.ca,www.iwh.on.ca,216.191.209.66
https://educationendowmentfoundation.org.uk,educationendowmentfoundation.org.uk,104.207.134.83
https://www.docsquiffy.co,www.docsquiffy.co,185.53.178.9
https://elcajon.gwfathom.co,elcajon.gwfathom.co,185.53.178.9
https://glean.info,glean.info,34.230.91.2
https://www.gwct.org.uk,www.gwct.org.uk,80.244.187.71
https://www.onlalu.com,www.onlalu.com,188.165.199.87
https://www.spandidos-publications.com,www.spandidos-publications.com,144.76.37.139
https://en.uesp.net,en.uesp.net,174.142.163.108
https://www.arthurconandoyle.com,www.arthurconandoyle.com,194.176.69.244
https://www.endruntechnologies.com,www.endruntechnologies.com,64.142.115.26
https://www.logmein.co,www.logmein.co,192.64.147.140
https://www.stpatricksfestival.ie,www.stpatricksfestival.ie,46.22.128.162
https://www.cairn.info,www.cairn.info,89.185.38.50
https://www.persee.fr,www.persee.fr,140.77.166.118
https://www.fsco.gov.on.ca,www.fsco.gov.on.ca,38.99.130.34
https://www.123teachme.com,www.123teachme.com,104.200.20.205
https://sites.fas.harvard.edu,sites.fas.harvard.edu,140.247.185.74
https://esami.unipi.it,esami.unipi.it,131.114.18.225
https://www.djguide.nl,www.djguide.nl,13.94.196.54
https://www.rettie.co.uk,www.rettie.co.uk,134.213.237.102
https://www.crwflags.com,www.crwflags.com,204.12.49.146
https://www.matrimonialsindia.com,www.matrimonialsindia.com,74.84.133.23
https://www.pothole.info,www.pothole.info,209.188.112.120
https://www.avs.org,www.avs.org,67.192.246.12
https://www.element-it.com,www.element-it.com,173.248.153.92
https://casper.berkeley.edu,casper.berkeley.edu,35.237.105.63
https://www.zeroaggressionproject.org,www.zeroaggressionproject.org,207.201.219.68
https://www.arabianhorses.org,www.arabianhorses.org,72.1.102.23
https://www.butfootballclub.fr,www.butfootballclub.fr,78.109.93.151
https://www.industrystock.com,www.industrystock.com,95.130.250.231
https://www.1life.co.za,www.1life.co.za,196.32.230.143
https://wiki.openstack.org,wiki.openstack.org,166.78.186.100
https://www.paycheckrecords.co,www.paycheckrecords.co,185.53.178.6
https://www.egnyte.co,www.egnyte.co,185.53.178.7
https://www.wilsonsleather.co,www.wilsonsleather.co,185.53.179.7
https://www.dolomiti.org,www.dolomiti.org,213.171.110.105
https://www.cifor.org,www.cifor.org,13.93.201.43
https://www.ks.uiuc.edu,www.ks.uiuc.edu,130.126.120.35
https://incubator.duolingo.co,incubator.duolingo.co,185.53.178.7
https://www.appliancewhse.co,www.appliancewhse.co,185.53.178.7
https://www.waveapps.co,www.waveapps.co,185.53.178.9
https://www.tsw.com,www.tsw.com,198.136.43.10
https://www.inpex.co.jp,www.inpex.co.jp,122.216.207.2
https://www.inpex.co.jp,www.inpex.co.jp,122.216.207.2
https://www.fossilera.com,www.fossilera.com,50.116.13.169
https://www.thelindquistgroup.com,www.thelindquistgroup.com,207.45.171.29
https://cabrillo.instructure.co,cabrillo.instructure.co,185.53.179.6
https://www.visitsanantonio.co,www.visitsanantonio.co,185.53.178.9
https://pangea.stanford.edu,pangea.stanford.edu,171.64.175.74
https://www.singaporeair.co,www.singaporeair.co,185.53.178.6
https://www.iaindale.com,www.iaindale.com,88.208.245.227
https://www.cancercenter.com,www.cancercenter.com,198.160.208.154
https://www.christiancourier.com,www.christiancourier.com,18.235.42.10
https://www.care2.com,www.care2.com,8.47.77.87
https://ari.nus.edu.sg,ari.nus.edu.sg,137.132.169.197
https://www.dot.ny.gov,www.dot.ny.gov,161.11.225.99
https://www.lenntech.com,www.lenntech.com,145.239.245.5
https://www.burnabynow.com,www.burnabynow.com,35.182.155.124
https://www.bitzer.de,www.bitzer.de,212.9.185.170
https://www.cairn-int.info,www.cairn-int.info,89.185.38.50
https://kb.osu.edu,kb.osu.edu,140.254.87.162
https://www.ilae.org,www.ilae.org,216.185.150.253
https://www.stripes.com,www.stripes.com,168.62.40.228
https://www.pamgolding.co.za,www.pamgolding.co.za,41.189.74.33
https://www.bethinking.org,www.bethinking.org,178.79.146.124
https://wellcomelibrary.org,wellcomelibrary.org,195.143.129.236
https://www.claypaky.it,www.claypaky.it,37.9.225.26
https://www.gamebox.com,www.gamebox.com,54.183.76.239
https://www.britishmuseum.org,www.britishmuseum.org,195.224.71.221
https://www.sasw.org.sg,www.sasw.org.sg,58.185.72.246
https://www.sup.org,www.sup.org,171.66.237.75
https://www.dealstreetasia.com,www.dealstreetasia.com,52.76.217.2
https://www.e-crt.org,www.e-crt.org,121.254.129.102
https://www.kaushik.net,www.kaushik.net,109.123.93.173
https://freshdelmonte.co,freshdelmonte.co,185.51.205.236
https://theodora.com,theodora.com,209.94.100.190
https://wikisaga.hi.is,wikisaga.hi.is,130.208.165.197
https://readers.english.com,readers.english.com,34.213.255.159
https://readers.english.com,readers.english.com,34.213.255.159
https://www.marathondumedoc.com,www.marathondumedoc.com,185.57.13.56
https://docassas.u-paris2.fr,docassas.u-paris2.fr,193.49.199.59
https://www.seat61.com,www.seat61.com,62.149.35.128
https://www.sail-world.com,www.sail-world.com,86.54.109.194
https://web.cn.edu,web.cn.edu,71.80.35.163
https://chopra.com,chopra.com,54.215.229.174
https://groupees.com,groupees.com,199.187.121.226
https://groupees.com,groupees.com,199.187.121.226
https://www.tccb.gov.tr,www.tccb.gov.tr,95.0.35.71
https://www.geolsoc.org.uk,www.geolsoc.org.uk,51.140.24.98
